velocidad_bala,distancia,altura_bala,accion
-7.0,963.0,610.0,0
-7.0,956.0,610.0,0
-7.0,949.0,610.0,0
-7.0,942.0,610.0,0
-7.0,935.0,610.0,0
-7.0,928.0,610.0,0
-7.0,921.0,610.0,0
-7.0,914.0,610.0,0
-7.0,907.0,610.0,0
-7.0,900.0,610.0,0
-7.0,893.0,610.0,0
-7.0,886.0,610.0,0
-7.0,879.0,610.0,0
-7.0,872.0,610.0,0
-7.0,865.0,610.0,0
-7.0,858.0,610.0,0
-7.0,851.0,610.0,0
-7.0,844.0,610.0,0
-7.0,837.0,610.0,0
-7.0,830.0,610.0,0
-7.0,823.0,610.0,1
-7.0,816.0,610.0,1
-7.0,809.0,610.0,1
-7.0,802.0,610.0,1
-7.0,795.0,610.0,1
-7.0,788.0,610.0,1
-7.0,781.0,610.0,1
-7.0,774.0,610.0,1
-7.0,767.0,610.0,1
-7.0,760.0,610.0,1
-7.0,753.0,610.0,1
-7.0,746.0,610.0,1
-7.0,739.0,610.0,1
-7.0,732.0,610.0,1
-7.0,725.0,610.0,1
-7.0,718.0,610.0,1
-7.0,711.0,610.0,1
-7.0,704.0,610.0,1
-7.0,697.0,610.0,1
-7.0,690.0,610.0,1
-7.0,683.0,610.0,1
-7.0,676.0,610.0,1
-7.0,669.0,610.0,1
-7.0,662.0,610.0,1
-7.0,655.0,610.0,1
-7.0,648.0,610.0,1
-7.0,641.0,610.0,1
-7.0,634.0,610.0,1
-7.0,627.0,610.0,1
-7.0,620.0,610.0,1
-7.0,613.0,610.0,1
-7.0,606.0,610.0,1
-7.0,599.0,610.0,0
-7.0,592.0,610.0,0
-7.0,585.0,610.0,0
-7.0,578.0,610.0,0
-7.0,571.0,610.0,0
-7.0,564.0,610.0,0
-7.0,557.0,610.0,0
-7.0,550.0,610.0,0
-7.0,543.0,610.0,0
-7.0,536.0,610.0,0
-7.0,529.0,610.0,0
-7.0,522.0,610.0,0
-7.0,515.0,610.0,0
-7.0,508.0,610.0,0
-7.0,501.0,610.0,0
-7.0,494.0,610.0,0
-7.0,487.0,610.0,0
-7.0,480.0,610.0,0
-7.0,473.0,610.0,0
-7.0,466.0,610.0,0
-7.0,459.0,610.0,0
-7.0,452.0,610.0,0
-7.0,445.0,610.0,0
-7.0,438.0,610.0,0
-7.0,431.0,610.0,0
-7.0,424.0,610.0,0
-7.0,417.0,610.0,0
-7.0,410.0,610.0,0
-7.0,403.0,610.0,0
-7.0,396.0,610.0,0
-7.0,389.0,610.0,0
-7.0,382.0,610.0,0
-7.0,375.0,610.0,0
-7.0,368.0,610.0,0
-7.0,361.0,610.0,0
-7.0,354.0,610.0,0
-7.0,347.0,610.0,0
-7.0,340.0,610.0,0
-7.0,333.0,610.0,0
-7.0,326.0,610.0,0
-7.0,319.0,610.0,0
-7.0,312.0,610.0,0
-7.0,305.0,610.0,0
-7.0,298.0,610.0,0
-7.0,291.0,610.0,0
-7.0,284.0,610.0,0
-7.0,277.0,610.0,0
-7.0,270.0,610.0,0
-7.0,263.0,610.0,0
-7.0,256.0,610.0,0
-7.0,249.0,610.0,0
-7.0,242.0,610.0,0
-7.0,235.0,610.0,0
-7.0,228.0,610.0,0
-7.0,221.0,610.0,0
-7.0,214.0,610.0,0
-7.0,207.0,610.0,0
-7.0,200.0,610.0,0
-7.0,193.0,610.0,0
-7.0,186.0,610.0,0
-7.0,179.0,610.0,0
-7.0,172.0,610.0,0
-7.0,165.0,610.0,0
-7.0,158.0,610.0,0
-7.0,151.0,610.0,0
-7.0,144.0,610.0,0
-7.0,137.0,610.0,0
-7.0,130.0,610.0,2
-7.0,123.0,610.0,2
-7.0,116.0,610.0,2
-7.0,109.0,610.0,2
-7.0,102.0,610.0,2
-7.0,95.0,610.0,2
-7.0,88.0,610.0,2
-7.0,81.0,610.0,2
-7.0,74.0,610.0,2
-7.0,67.0,610.0,2
-7.0,60.0,610.0,2
-7.0,53.0,610.0,2
-7.0,46.0,610.0,2
-7.0,39.0,610.0,2
-7.0,32.0,610.0,2
-7.0,25.0,610.0,2
-7.0,18.0,610.0,2
-7.0,11.0,610.0,2
-7.0,4.0,610.0,2
-7.0,3.0,610.0,2
-7.0,10.0,610.0,2
-7.0,17.0,610.0,2
-7.0,24.0,610.0,2
-7.0,31.0,610.0,2
-7.0,38.0,610.0,2
-7.0,45.0,610.0,2
-7.0,52.0,610.0,2
-7.0,59.0,610.0,2
-7.0,66.0,610.0,2
-9.0,961.0,610.0,2
-9.0,952.0,610.0,0
-9.0,943.0,610.0,0
-9.0,934.0,610.0,0
-9.0,925.0,610.0,0
-9.0,916.0,610.0,0
-9.0,907.0,610.0,0
-9.0,898.0,610.0,0
-9.0,889.0,610.0,0
-9.0,880.0,610.0,0
-9.0,871.0,610.0,0
-9.0,862.0,610.0,0
-9.0,853.0,610.0,0
-9.0,844.0,610.0,0
-9.0,835.0,610.0,0
-9.0,826.0,610.0,0
-9.0,817.0,610.0,0
-9.0,808.0,610.0,0
-9.0,799.0,610.0,0
-9.0,790.0,610.0,0
-9.0,781.0,610.0,0
-9.0,772.0,610.0,0
-9.0,763.0,610.0,0
-9.0,754.0,610.0,0
-9.0,745.0,610.0,0
-9.0,736.0,610.0,0
-9.0,727.0,610.0,0
-9.0,718.0,610.0,0
-9.0,709.0,610.0,0
-9.0,700.0,610.0,0
-9.0,691.0,610.0,0
-9.0,682.0,610.0,0
-9.0,673.0,610.0,0
-9.0,664.0,610.0,0
-9.0,655.0,610.0,0
-9.0,646.0,610.0,0
-9.0,637.0,610.0,0
-9.0,628.0,610.0,0
-9.0,619.0,610.0,0
-9.0,610.0,610.0,0
-9.0,601.0,610.0,0
-9.0,592.0,610.0,0
-9.0,583.0,610.0,0
-9.0,574.0,610.0,0
-9.0,565.0,610.0,0
-9.0,556.0,610.0,0
-9.0,547.0,610.0,0
-9.0,538.0,610.0,0
-9.0,529.0,610.0,0
-9.0,520.0,610.0,0
-9.0,511.0,610.0,0
-9.0,502.0,610.0,0
-9.0,493.0,610.0,0
-9.0,484.0,610.0,0
-9.0,475.0,610.0,0
-9.0,466.0,610.0,0
-9.0,457.0,610.0,0
-9.0,448.0,610.0,0
-9.0,439.0,610.0,0
-9.0,430.0,610.0,0
-9.0,421.0,610.0,0
-9.0,412.0,610.0,0
-9.0,403.0,610.0,0
-9.0,394.0,610.0,0
-9.0,385.0,610.0,0
-9.0,376.0,610.0,0
-9.0,367.0,610.0,0
-9.0,358.0,610.0,0
-9.0,349.0,610.0,0
-9.0,340.0,610.0,0
-9.0,331.0,610.0,0
-9.0,322.0,610.0,0
-9.0,313.0,610.0,0
-9.0,304.0,610.0,0
-9.0,295.0,610.0,0
-9.0,286.0,610.0,0
-9.0,277.0,610.0,0
-9.0,268.0,610.0,0
-9.0,259.0,610.0,0
-9.0,250.0,610.0,0
-9.0,241.0,610.0,0
-9.0,232.0,610.0,0
-9.0,223.0,610.0,0
-9.0,214.0,610.0,0
-9.0,205.0,610.0,0
-9.0,196.0,610.0,0
-9.0,187.0,610.0,0
-9.0,178.0,610.0,0
-9.0,169.0,610.0,0
-9.0,160.0,610.0,0
-9.0,151.0,610.0,0
-9.0,142.0,610.0,0
-9.0,133.0,610.0,0
-9.0,124.0,610.0,0
-9.0,115.0,610.0,0
-9.0,106.0,610.0,2
-9.0,97.0,610.0,2
-9.0,88.0,610.0,2
-9.0,79.0,610.0,2
-9.0,70.0,610.0,2
-9.0,61.0,610.0,2
-9.0,52.0,610.0,2
-9.0,43.0,610.0,2
-9.0,34.0,610.0,2
-9.0,25.0,610.0,2
-9.0,16.0,610.0,2
-9.0,7.0,610.0,2
-9.0,2.0,610.0,2
-9.0,11.0,610.0,2
-9.0,20.0,610.0,2
-9.0,29.0,610.0,2
-9.0,38.0,610.0,2
-9.0,47.0,610.0,2
-9.0,56.0,610.0,2
-9.0,65.0,610.0,2
-9.0,961.0,544.0,0
-9.0,952.0,544.0,0
-9.0,943.0,544.0,0
-9.0,934.0,544.0,0
-9.0,925.0,544.0,0
-9.0,916.0,544.0,0
-9.0,907.0,544.0,0
-9.0,898.0,544.0,0
-9.0,889.0,544.0,0
-9.0,880.0,544.0,0
-9.0,871.0,544.0,0
-9.0,862.0,544.0,0
-9.0,853.0,544.0,0
-9.0,844.0,544.0,0
-9.0,835.0,544.0,0
-9.0,826.0,544.0,0
-9.0,817.0,544.0,0
-9.0,808.0,544.0,0
-9.0,799.0,544.0,0
-9.0,790.0,544.0,0
-9.0,781.0,544.0,0
-9.0,772.0,544.0,0
-9.0,763.0,544.0,0
-9.0,754.0,544.0,0
-9.0,745.0,544.0,0
-9.0,736.0,544.0,0
-9.0,727.0,544.0,0
-9.0,718.0,544.0,0
-9.0,709.0,544.0,0
-9.0,700.0,544.0,0
-9.0,691.0,544.0,0
-9.0,682.0,544.0,0
-9.0,673.0,544.0,0
-9.0,664.0,544.0,0
-9.0,655.0,544.0,0
-9.0,646.0,544.0,0
-9.0,637.0,544.0,0
-9.0,628.0,544.0,0
-9.0,619.0,544.0,0
-9.0,610.0,544.0,0
-9.0,601.0,544.0,0
-9.0,592.0,544.0,0
-9.0,583.0,544.0,0
-9.0,574.0,544.0,0
-9.0,565.0,544.0,0
-9.0,556.0,544.0,0
-9.0,547.0,544.0,0
-9.0,538.0,544.0,0
-9.0,529.0,544.0,0
-9.0,520.0,544.0,0
-9.0,511.0,544.0,0
-9.0,502.0,544.0,0
-9.0,493.0,544.0,0
-9.0,484.0,544.0,0
-9.0,475.0,544.0,0
-9.0,466.0,544.0,0
-9.0,457.0,544.0,0
-9.0,448.0,544.0,0
-9.0,439.0,544.0,0
-9.0,430.0,544.0,0
-9.0,421.0,544.0,0
-9.0,412.0,544.0,0
-9.0,403.0,544.0,0
-9.0,394.0,544.0,0
-9.0,385.0,544.0,0
-9.0,376.0,544.0,0
-9.0,367.0,544.0,0
-9.0,358.0,544.0,0
-9.0,349.0,544.0,0
-9.0,340.0,544.0,0
-9.0,331.0,544.0,0
-9.0,322.0,544.0,0
-9.0,313.0,544.0,0
-9.0,304.0,544.0,0
-9.0,295.0,544.0,0
-9.0,286.0,544.0,0
-9.0,277.0,544.0,0
-9.0,268.0,544.0,0
-9.0,259.0,544.0,0
-9.0,250.0,544.0,0
-9.0,241.0,544.0,0
-9.0,232.0,544.0,0
-9.0,223.0,544.0,0
-9.0,214.0,544.0,0
-9.0,205.0,544.0,0
-9.0,196.0,544.0,0
-9.0,187.0,544.0,0
-9.0,178.0,544.0,0
-9.0,169.0,544.0,0
-9.0,160.0,544.0,0
-9.0,151.0,544.0,0
-9.0,142.0,544.0,0
-9.0,133.0,544.0,0
-9.0,124.0,544.0,0
-9.0,115.0,544.0,0
-9.0,106.0,544.0,0
-9.0,97.0,544.0,0
-9.0,88.0,544.0,0
-9.0,79.0,544.0,0
-9.0,70.0,544.0,0
-9.0,61.0,544.0,0
-9.0,52.0,544.0,0
-9.0,43.0,544.0,0
-9.0,34.0,544.0,0
-9.0,25.0,544.0,0
-9.0,16.0,544.0,0
-9.0,7.0,544.0,0
-9.0,2.0,544.0,0
-9.0,11.0,544.0,0
-9.0,20.0,544.0,0
-9.0,29.0,544.0,0
-9.0,38.0,544.0,0
-9.0,47.0,544.0,0
-9.0,56.0,544.0,0
-9.0,65.0,544.0,1
-8.0,962.0,610.0,1
-8.0,954.0,610.0,1
-8.0,946.0,610.0,1
-8.0,938.0,610.0,1
-8.0,930.0,610.0,1
-8.0,922.0,610.0,1
-8.0,914.0,610.0,1
-8.0,906.0,610.0,1
-8.0,898.0,610.0,1
-8.0,890.0,610.0,1
-8.0,882.0,610.0,1
-8.0,874.0,610.0,1
-8.0,866.0,610.0,1
-8.0,858.0,610.0,1
-8.0,850.0,610.0,1
-8.0,842.0,610.0,1
-8.0,834.0,610.0,1
-8.0,826.0,610.0,1
-8.0,818.0,610.0,1
-8.0,810.0,610.0,1
-8.0,802.0,610.0,1
-8.0,794.0,610.0,1
-8.0,786.0,610.0,1
-8.0,778.0,610.0,1
-8.0,770.0,610.0,1
-8.0,762.0,610.0,1
-8.0,754.0,610.0,1
-8.0,746.0,610.0,1
-8.0,738.0,610.0,1
-8.0,730.0,610.0,1
-8.0,722.0,610.0,0
-8.0,714.0,610.0,0
-8.0,706.0,610.0,0
-8.0,698.0,610.0,0
-8.0,690.0,610.0,0
-8.0,682.0,610.0,0
-8.0,674.0,610.0,0
-8.0,666.0,610.0,0
-8.0,658.0,610.0,0
-8.0,650.0,610.0,0
-8.0,642.0,610.0,0
-8.0,634.0,610.0,0
-8.0,626.0,610.0,0
-8.0,618.0,610.0,0
-8.0,610.0,610.0,0
-8.0,602.0,610.0,0
-8.0,594.0,610.0,0
-8.0,586.0,610.0,0
-8.0,578.0,610.0,0
-8.0,570.0,610.0,0
-8.0,562.0,610.0,0
-8.0,554.0,610.0,0
-8.0,546.0,610.0,0
-8.0,538.0,610.0,0
-8.0,530.0,610.0,0
-8.0,522.0,610.0,0
-8.0,514.0,610.0,0
-8.0,506.0,610.0,0
-8.0,498.0,610.0,0
-8.0,490.0,610.0,0
-8.0,482.0,610.0,0
-8.0,474.0,610.0,0
-8.0,466.0,610.0,0
-8.0,458.0,610.0,0
-8.0,450.0,610.0,0
-8.0,442.0,610.0,0
-8.0,434.0,610.0,0
-8.0,426.0,610.0,0
-8.0,418.0,610.0,0
-8.0,410.0,610.0,0
-8.0,402.0,610.0,0
-8.0,394.0,610.0,0
-8.0,386.0,610.0,0
-8.0,378.0,610.0,0
-8.0,370.0,610.0,0
-8.0,362.0,610.0,0
-8.0,354.0,610.0,0
-8.0,346.0,610.0,0
-8.0,338.0,610.0,0
-8.0,330.0,610.0,0
-8.0,322.0,610.0,0
-8.0,314.0,610.0,0
-8.0,306.0,610.0,0
-8.0,298.0,610.0,0
-8.0,290.0,610.0,0
-8.0,282.0,610.0,0
-8.0,274.0,610.0,0
-8.0,266.0,610.0,0
-8.0,258.0,610.0,0
-8.0,250.0,610.0,0
-8.0,242.0,610.0,0
-8.0,234.0,610.0,0
-8.0,226.0,610.0,0
-8.0,218.0,610.0,0
-8.0,210.0,610.0,0
-8.0,202.0,610.0,0
-8.0,194.0,610.0,0
-8.0,186.0,610.0,0
-8.0,178.0,610.0,0
-8.0,170.0,610.0,0
-8.0,162.0,610.0,0
-8.0,154.0,610.0,0
-8.0,146.0,610.0,0
-8.0,138.0,610.0,0
-8.0,130.0,610.0,0
-8.0,122.0,610.0,0
-8.0,114.0,610.0,0
-8.0,106.0,610.0,1
-8.0,98.0,610.0,1
-8.0,90.0,610.0,1
-8.0,82.0,610.0,1
-8.0,74.0,610.0,1
-8.0,66.0,610.0,1
-8.0,58.0,610.0,1
-8.0,50.0,610.0,1
-8.0,42.0,610.0,1
-8.0,34.0,610.0,1
-8.0,26.0,610.0,1
-8.0,18.0,610.0,1
-8.0,10.0,610.0,1
-8.0,2.0,610.0,1
-8.0,6.0,610.0,1
-8.0,14.0,610.0,1
-8.0,22.0,610.0,1
-8.0,30.0,610.0,1
-8.0,38.0,610.0,1
-8.0,46.0,610.0,1
-8.0,54.0,610.0,1
-8.0,62.0,610.0,1
-8.0,70.0,610.0,1
-11.0,959.0,610.0,1
-11.0,948.0,610.0,1
-11.0,937.0,610.0,1
-11.0,926.0,610.0,1
-11.0,915.0,610.0,1
-11.0,904.0,610.0,1
-11.0,893.0,610.0,1
-11.0,882.0,610.0,1
-11.0,871.0,610.0,0
-11.0,860.0,610.0,0
-11.0,849.0,610.0,0
-11.0,838.0,610.0,0
-11.0,827.0,610.0,0
-11.0,816.0,610.0,0
-11.0,805.0,610.0,0
-11.0,794.0,610.0,0
-11.0,783.0,610.0,0
-11.0,772.0,610.0,0
-11.0,761.0,610.0,0
-11.0,750.0,610.0,0
-11.0,739.0,610.0,0
-11.0,728.0,610.0,0
-11.0,717.0,610.0,0
-11.0,706.0,610.0,0
-11.0,695.0,610.0,0
-11.0,684.0,610.0,0
-11.0,673.0,610.0,0
-11.0,662.0,610.0,0
-11.0,651.0,610.0,0
-11.0,640.0,610.0,0
-11.0,629.0,610.0,0
-11.0,618.0,610.0,0
-11.0,607.0,610.0,0
-11.0,596.0,610.0,0
-11.0,585.0,610.0,0
-11.0,574.0,610.0,0
-11.0,563.0,610.0,0
-11.0,552.0,610.0,0
-11.0,541.0,610.0,0
-11.0,530.0,610.0,0
-11.0,519.0,610.0,0
-11.0,508.0,610.0,0
-11.0,497.0,610.0,0
-11.0,486.0,610.0,0
-11.0,475.0,610.0,0
-11.0,464.0,610.0,0
-11.0,453.0,610.0,0
-11.0,442.0,610.0,0
-11.0,431.0,610.0,0
-11.0,420.0,610.0,0
-11.0,409.0,610.0,0
-11.0,398.0,610.0,0
-11.0,387.0,610.0,0
-11.0,376.0,610.0,0
-11.0,365.0,610.0,0
-11.0,354.0,610.0,0
-11.0,343.0,610.0,0
-11.0,332.0,610.0,0
-11.0,321.0,610.0,0
-11.0,310.0,610.0,0
-11.0,299.0,610.0,0
-11.0,288.0,610.0,0
-11.0,277.0,610.0,0
-11.0,266.0,610.0,0
-11.0,255.0,610.0,0
-11.0,244.0,610.0,0
-11.0,233.0,610.0,0
-11.0,222.0,610.0,0
-11.0,211.0,610.0,0
-11.0,200.0,610.0,0
-11.0,189.0,610.0,0
-11.0,178.0,610.0,0
-11.0,167.0,610.0,0
-11.0,156.0,610.0,0
-11.0,145.0,610.0,0
-11.0,134.0,610.0,0
-11.0,123.0,610.0,1
-11.0,112.0,610.0,1
-11.0,101.0,610.0,1
-11.0,90.0,610.0,1
-11.0,79.0,610.0,1
-11.0,68.0,610.0,1
-11.0,57.0,610.0,1
-11.0,46.0,610.0,1
-11.0,35.0,610.0,1
-11.0,24.0,610.0,1
-11.0,13.0,610.0,1
-11.0,2.0,610.0,1
-11.0,9.0,610.0,1
-11.0,20.0,610.0,1
-11.0,31.0,610.0,1
-11.0,42.0,610.0,1
-11.0,53.0,610.0,1
-11.0,64.0,610.0,1
-13.0,957.0,643.0,1
-13.0,944.0,643.0,1
-13.0,931.0,643.0,1
-13.0,918.0,643.0,1
-13.0,905.0,643.0,1
-13.0,892.0,643.0,1
-13.0,879.0,643.0,1
-13.0,866.0,643.0,1
-13.0,853.0,643.0,1
-13.0,840.0,643.0,1
-13.0,827.0,643.0,1
-13.0,814.0,643.0,1
-13.0,801.0,643.0,1
-13.0,788.0,643.0,0
-13.0,775.0,643.0,0
-13.0,762.0,643.0,0
-13.0,749.0,643.0,0
-13.0,736.0,643.0,0
-13.0,723.0,643.0,0
-13.0,710.0,643.0,0
-13.0,697.0,643.0,0
-13.0,684.0,643.0,0
-13.0,671.0,643.0,0
-13.0,658.0,643.0,0
-13.0,645.0,643.0,0
-13.0,632.0,643.0,0
-13.0,619.0,643.0,0
-13.0,606.0,643.0,0
-13.0,593.0,643.0,0
-13.0,580.0,643.0,0
-13.0,567.0,643.0,0
-13.0,554.0,643.0,0
-13.0,541.0,643.0,0
-13.0,528.0,643.0,0
-13.0,515.0,643.0,0
-13.0,502.0,643.0,0
-13.0,489.0,643.0,0
-13.0,476.0,643.0,0
-13.0,463.0,643.0,0
-13.0,450.0,643.0,0
-13.0,437.0,643.0,0
-13.0,424.0,643.0,0
-13.0,411.0,643.0,0
-13.0,398.0,643.0,0
-13.0,385.0,643.0,0
-13.0,372.0,643.0,0
-13.0,359.0,643.0,0
-13.0,346.0,643.0,0
-13.0,333.0,643.0,0
-13.0,320.0,643.0,0
-13.0,307.0,643.0,0
-13.0,294.0,643.0,0
-13.0,281.0,643.0,0
-13.0,268.0,643.0,0
-13.0,255.0,643.0,0
-13.0,242.0,643.0,0
-13.0,229.0,643.0,0
-13.0,216.0,643.0,1
-13.0,203.0,643.0,1
-13.0,190.0,643.0,1
-13.0,177.0,643.0,1
-13.0,164.0,643.0,1
-13.0,151.0,643.0,1
-13.0,138.0,643.0,1
-13.0,125.0,643.0,1
-13.0,112.0,643.0,1
-13.0,99.0,643.0,1
-13.0,86.0,643.0,1
-13.0,73.0,643.0,1
-13.0,60.0,643.0,1
-13.0,47.0,643.0,1
-13.0,34.0,643.0,1
-13.0,21.0,643.0,1
-13.0,8.0,643.0,1
-13.0,5.0,643.0,1
-13.0,18.0,643.0,1
-13.0,31.0,643.0,1
-13.0,44.0,643.0,1
-13.0,57.0,643.0,1
-13.0,70.0,643.0,1
-15.0,955.0,544.0,1
-15.0,940.0,544.0,1
-15.0,925.0,544.0,1
-15.0,910.0,544.0,1
-15.0,895.0,544.0,1
-15.0,880.0,544.0,1
-15.0,865.0,544.0,1
-15.0,850.0,544.0,1
-15.0,835.0,544.0,0
-15.0,820.0,544.0,0
-15.0,805.0,544.0,0
-15.0,790.0,544.0,0
-15.0,775.0,544.0,0
-15.0,760.0,544.0,0
-15.0,745.0,544.0,0
-15.0,730.0,544.0,0
-15.0,715.0,544.0,0
-15.0,700.0,544.0,0
-15.0,685.0,544.0,0
-15.0,670.0,544.0,0
-15.0,655.0,544.0,0
-15.0,640.0,544.0,0
-15.0,625.0,544.0,0
-15.0,610.0,544.0,0
-15.0,595.0,544.0,0
-15.0,580.0,544.0,0
-15.0,565.0,544.0,0
-15.0,550.0,544.0,0
-15.0,535.0,544.0,0
-15.0,520.0,544.0,0
-15.0,505.0,544.0,0
-15.0,490.0,544.0,0
-15.0,475.0,544.0,0
-15.0,460.0,544.0,0
-15.0,445.0,544.0,0
-15.0,430.0,544.0,2
-15.0,415.0,544.0,2
-15.0,400.0,544.0,2
-15.0,385.0,544.0,2
-15.0,370.0,544.0,2
-15.0,355.0,544.0,2
-15.0,340.0,544.0,2
-15.0,325.0,544.0,2
-15.0,310.0,544.0,2
-15.0,295.0,544.0,2
-15.0,280.0,544.0,0
-15.0,265.0,544.0,0
-15.0,250.0,544.0,0
-15.0,235.0,544.0,0
-15.0,220.0,544.0,0
-15.0,205.0,544.0,0
-15.0,190.0,544.0,0
-15.0,175.0,544.0,0
-15.0,160.0,544.0,0
-15.0,145.0,544.0,0
-15.0,130.0,544.0,0
-15.0,115.0,544.0,0
-15.0,100.0,544.0,0
-15.0,85.0,544.0,0
-15.0,70.0,544.0,0
-15.0,55.0,544.0,0
-15.0,40.0,544.0,0
-15.0,25.0,544.0,0
-15.0,10.0,544.0,0
-15.0,5.0,544.0,0
-15.0,20.0,544.0,0
-15.0,35.0,544.0,0
-15.0,50.0,544.0,0
-15.0,65.0,544.0,0
-14.0,956.0,643.0,0
-14.0,942.0,643.0,0
-14.0,928.0,643.0,0
-14.0,914.0,643.0,0
-14.0,900.0,643.0,0
-14.0,886.0,643.0,0
-14.0,872.0,643.0,0
-14.0,858.0,643.0,0
-14.0,844.0,643.0,0
-14.0,830.0,643.0,0
-14.0,816.0,643.0,0
-14.0,802.0,643.0,0
-14.0,788.0,643.0,0
-14.0,774.0,643.0,0
-14.0,760.0,643.0,0
-14.0,746.0,643.0,0
-14.0,732.0,643.0,0
-14.0,718.0,643.0,0
-14.0,704.0,643.0,0
-14.0,690.0,643.0,0
-14.0,676.0,643.0,0
-14.0,662.0,643.0,0
-14.0,648.0,643.0,0
-14.0,634.0,643.0,0
-14.0,620.0,643.0,0
-14.0,606.0,643.0,0
-14.0,592.0,643.0,0
-14.0,578.0,643.0,0
-14.0,564.0,643.0,0
-14.0,550.0,643.0,0
-14.0,536.0,643.0,0
-14.0,522.0,643.0,0
-14.0,508.0,643.0,0
-14.0,494.0,643.0,0
-14.0,480.0,643.0,0
-14.0,466.0,643.0,0
-14.0,452.0,643.0,0
-14.0,438.0,643.0,0
-14.0,424.0,643.0,0
-14.0,410.0,643.0,0
-14.0,396.0,643.0,0
-14.0,382.0,643.0,0
-14.0,368.0,643.0,0
-14.0,354.0,643.0,0
-14.0,340.0,643.0,0
-14.0,326.0,643.0,0
-14.0,312.0,643.0,0
-14.0,298.0,643.0,0
-14.0,284.0,643.0,0
-14.0,270.0,643.0,0
-14.0,256.0,643.0,0
-14.0,242.0,643.0,0
-14.0,228.0,643.0,1
-14.0,214.0,643.0,1
-14.0,200.0,643.0,1
-14.0,186.0,643.0,1
-14.0,172.0,643.0,1
-14.0,158.0,643.0,1
-14.0,144.0,643.0,1
-14.0,130.0,643.0,1
-14.0,116.0,643.0,1
-14.0,102.0,643.0,1
-14.0,88.0,643.0,1
-14.0,74.0,643.0,1
-14.0,60.0,643.0,1
-14.0,46.0,643.0,1
-14.0,32.0,643.0,1
-14.0,18.0,643.0,1
-14.0,4.0,643.0,1
-14.0,10.0,643.0,1
-14.0,24.0,643.0,1
-14.0,38.0,643.0,1
-14.0,52.0,643.0,1
-14.0,66.0,643.0,1
-15.0,955.0,544.0,1
-15.0,940.0,544.0,1
-15.0,925.0,544.0,1
-15.0,910.0,544.0,1
-15.0,895.0,544.0,1
-15.0,880.0,544.0,1
-15.0,865.0,544.0,1
-15.0,850.0,544.0,1
-15.0,835.0,544.0,1
-15.0,820.0,544.0,0
-15.0,805.0,544.0,0
-15.0,790.0,544.0,0
-15.0,775.0,544.0,0
-15.0,760.0,544.0,0
-15.0,745.0,544.0,0
-15.0,730.0,544.0,0
-15.0,715.0,544.0,0
-15.0,700.0,544.0,0
-15.0,685.0,544.0,0
-15.0,670.0,544.0,0
-15.0,655.0,544.0,0
-15.0,640.0,544.0,0
-15.0,625.0,544.0,0
-15.0,610.0,544.0,0
-15.0,595.0,544.0,0
-15.0,580.0,544.0,0
-15.0,565.0,544.0,0
-15.0,550.0,544.0,0
-15.0,535.0,544.0,0
-15.0,520.0,544.0,0
-15.0,505.0,544.0,0
-15.0,490.0,544.0,0
-15.0,475.0,544.0,0
-15.0,460.0,544.0,0
-15.0,445.0,544.0,0
-15.0,430.0,544.0,0
-15.0,415.0,544.0,0
-15.0,400.0,544.0,0
-15.0,385.0,544.0,0
-15.0,370.0,544.0,0
-15.0,355.0,544.0,0
-15.0,340.0,544.0,0
-15.0,325.0,544.0,0
-15.0,310.0,544.0,0
-15.0,295.0,544.0,0
-15.0,280.0,544.0,0
-15.0,265.0,544.0,0
-15.0,250.0,544.0,0
-15.0,235.0,544.0,0
-15.0,220.0,544.0,0
-15.0,205.0,544.0,0
-15.0,190.0,544.0,0
-15.0,175.0,544.0,0
-15.0,160.0,544.0,0
-15.0,145.0,544.0,0
-15.0,130.0,544.0,0
-15.0,115.0,544.0,0
-15.0,100.0,544.0,0
-15.0,85.0,544.0,0
-15.0,70.0,544.0,0
-15.0,55.0,544.0,0
-15.0,40.0,544.0,0
-15.0,25.0,544.0,0
-15.0,10.0,544.0,0
-15.0,5.0,544.0,0
-15.0,20.0,544.0,0
-15.0,35.0,544.0,0
-15.0,50.0,544.0,0
-15.0,65.0,544.0,0
-13.0,957.0,643.0,0
-13.0,944.0,643.0,0
-13.0,931.0,643.0,0
-13.0,918.0,643.0,0
-13.0,905.0,643.0,0
-13.0,892.0,643.0,0
-13.0,879.0,643.0,0
-13.0,866.0,643.0,0
-13.0,853.0,643.0,0
-13.0,840.0,643.0,0
-13.0,827.0,643.0,0
-13.0,814.0,643.0,0
-13.0,801.0,643.0,0
-13.0,788.0,643.0,0
-13.0,775.0,643.0,0
-13.0,762.0,643.0,0
-13.0,749.0,643.0,0
-13.0,736.0,643.0,0
-13.0,723.0,643.0,0
-13.0,710.0,643.0,0
-13.0,697.0,643.0,0
-13.0,684.0,643.0,0
-13.0,671.0,643.0,0
-13.0,658.0,643.0,0
-13.0,645.0,643.0,0
-13.0,632.0,643.0,0
-13.0,619.0,643.0,0
-13.0,606.0,643.0,0
-13.0,593.0,643.0,0
-13.0,580.0,643.0,0
-13.0,567.0,643.0,0
-13.0,554.0,643.0,0
-13.0,541.0,643.0,0
-13.0,528.0,643.0,0
-13.0,515.0,643.0,0
-13.0,502.0,643.0,0
-13.0,489.0,643.0,0
-13.0,476.0,643.0,0
-13.0,463.0,643.0,0
-13.0,450.0,643.0,0
-13.0,437.0,643.0,0
-13.0,424.0,643.0,0
-13.0,411.0,643.0,0
-13.0,398.0,643.0,0
-13.0,385.0,643.0,0
-13.0,372.0,643.0,0
-13.0,359.0,643.0,0
-13.0,346.0,643.0,0
-13.0,333.0,643.0,0
-13.0,320.0,643.0,0
-13.0,307.0,643.0,0
-13.0,294.0,643.0,0
-13.0,281.0,643.0,0
-13.0,268.0,643.0,0
-13.0,255.0,643.0,0
-13.0,242.0,643.0,0
-13.0,229.0,643.0,0
-13.0,216.0,643.0,0
-13.0,203.0,643.0,0
-13.0,190.0,643.0,1
-13.0,177.0,643.0,1
-13.0,164.0,643.0,1
-13.0,151.0,643.0,1
-13.0,138.0,643.0,1
-13.0,125.0,643.0,1
-13.0,112.0,643.0,1
-13.0,99.0,643.0,1
-13.0,86.0,643.0,1
-13.0,73.0,643.0,1
-13.0,60.0,643.0,1
-13.0,47.0,643.0,1
-13.0,34.0,643.0,1
-13.0,21.0,643.0,1
-13.0,8.0,643.0,1
-13.0,5.0,643.0,1
-13.0,18.0,643.0,1
-13.0,31.0,643.0,1
-13.0,44.0,643.0,1
-13.0,57.0,643.0,1
-13.0,70.0,643.0,1
-16.0,954.0,610.0,1
-16.0,938.0,610.0,1
-16.0,922.0,610.0,1
-16.0,906.0,610.0,1
-16.0,890.0,610.0,1
-16.0,874.0,610.0,1
-16.0,858.0,610.0,1
-16.0,842.0,610.0,1
-16.0,826.0,610.0,1
-16.0,810.0,610.0,1
-16.0,794.0,610.0,0
-16.0,778.0,610.0,0
-16.0,762.0,610.0,0
-16.0,746.0,610.0,0
-16.0,730.0,610.0,0
-16.0,714.0,610.0,0
-16.0,698.0,610.0,0
-16.0,682.0,610.0,0
-16.0,666.0,610.0,0
-16.0,650.0,610.0,0
-16.0,634.0,610.0,0
-16.0,618.0,610.0,0
-16.0,602.0,610.0,0
-16.0,586.0,610.0,0
-16.0,570.0,610.0,0
-16.0,554.0,610.0,0
-16.0,538.0,610.0,0
-16.0,522.0,610.0,0
-16.0,506.0,610.0,0
-16.0,490.0,610.0,0
-16.0,474.0,610.0,2
-16.0,458.0,610.0,2
-16.0,442.0,610.0,2
-16.0,426.0,610.0,2
-16.0,410.0,610.0,2
-16.0,394.0,610.0,2
-16.0,378.0,610.0,2
-16.0,362.0,610.0,2
-16.0,346.0,610.0,2
-16.0,330.0,610.0,2
-16.0,314.0,610.0,2
-16.0,298.0,610.0,2
-16.0,282.0,610.0,2
-16.0,266.0,610.0,2
-16.0,250.0,610.0,2
-16.0,234.0,610.0,2
-16.0,218.0,610.0,2
-16.0,202.0,610.0,2
-16.0,186.0,610.0,2
-16.0,170.0,610.0,2
-16.0,154.0,610.0,2
-16.0,138.0,610.0,2
-16.0,122.0,610.0,2
-16.0,106.0,610.0,2
-16.0,90.0,610.0,2
-16.0,74.0,610.0,2
-16.0,58.0,610.0,2
-16.0,42.0,610.0,2
-16.0,26.0,610.0,2
-16.0,10.0,610.0,2
-16.0,6.0,610.0,2
-16.0,22.0,610.0,2
-16.0,38.0,610.0,2
-16.0,54.0,610.0,2
-16.0,70.0,610.0,2
-16.0,954.0,544.0,2
-16.0,938.0,544.0,2
-16.0,922.0,544.0,2
-16.0,906.0,544.0,2
-16.0,890.0,544.0,2
-16.0,874.0,544.0,0
-16.0,858.0,544.0,0
-16.0,842.0,544.0,0
-16.0,826.0,544.0,0
-16.0,810.0,544.0,0
-16.0,794.0,544.0,0
-16.0,778.0,544.0,0
-16.0,762.0,544.0,0
-16.0,746.0,544.0,0
-16.0,730.0,544.0,0
-16.0,714.0,544.0,0
-16.0,698.0,544.0,0
-16.0,682.0,544.0,0
-16.0,666.0,544.0,0
-16.0,650.0,544.0,0
-16.0,634.0,544.0,0
-16.0,618.0,544.0,0
-16.0,602.0,544.0,0
-16.0,586.0,544.0,0
-16.0,570.0,544.0,0
-16.0,554.0,544.0,0
-16.0,538.0,544.0,0
-16.0,522.0,544.0,0
-16.0,506.0,544.0,0
-16.0,490.0,544.0,0
-16.0,474.0,544.0,0
-16.0,458.0,544.0,0
-16.0,442.0,544.0,0
-16.0,426.0,544.0,0
-16.0,410.0,544.0,0
-16.0,394.0,544.0,0
-16.0,378.0,544.0,0
-16.0,362.0,544.0,0
-16.0,346.0,544.0,0
-16.0,330.0,544.0,0
-16.0,314.0,544.0,0
-16.0,298.0,544.0,0
-16.0,282.0,544.0,0
-16.0,266.0,544.0,0
-16.0,250.0,544.0,0
-16.0,234.0,544.0,0
-16.0,218.0,544.0,0
-16.0,202.0,544.0,0
-16.0,186.0,544.0,0
-16.0,170.0,544.0,0
-16.0,154.0,544.0,0
-16.0,138.0,544.0,0
-16.0,122.0,544.0,0
-16.0,106.0,544.0,0
-16.0,90.0,544.0,0
-16.0,74.0,544.0,0
-16.0,58.0,544.0,0
-16.0,42.0,544.0,0
-16.0,26.0,544.0,0
-16.0,10.0,544.0,0
-16.0,6.0,544.0,0
-16.0,22.0,544.0,0
-16.0,38.0,544.0,0
-16.0,54.0,544.0,0
-16.0,70.0,544.0,0
-16.0,954.0,544.0,0
-16.0,938.0,544.0,0
-16.0,922.0,544.0,0
-16.0,906.0,544.0,0
-16.0,890.0,544.0,0
-16.0,874.0,544.0,0
-16.0,858.0,544.0,0
-16.0,842.0,544.0,0
-16.0,826.0,544.0,0
-16.0,810.0,544.0,0
-16.0,794.0,544.0,0
-16.0,778.0,544.0,0
-16.0,762.0,544.0,0
-16.0,746.0,544.0,0
-16.0,730.0,544.0,0
-16.0,714.0,544.0,0
-16.0,698.0,544.0,0
-16.0,682.0,544.0,0
-16.0,666.0,544.0,0
-16.0,650.0,544.0,0
-16.0,634.0,544.0,0
-16.0,618.0,544.0,0
-16.0,602.0,544.0,0
-16.0,586.0,544.0,0
-16.0,570.0,544.0,0
-16.0,554.0,544.0,0
-16.0,538.0,544.0,0
-16.0,522.0,544.0,0
-16.0,506.0,544.0,0
-16.0,490.0,544.0,0
-16.0,474.0,544.0,0
-16.0,458.0,544.0,0
-16.0,442.0,544.0,0
-16.0,426.0,544.0,0
-16.0,410.0,544.0,0
-16.0,394.0,544.0,0
-16.0,378.0,544.0,0
-16.0,362.0,544.0,0
-16.0,346.0,544.0,0
-16.0,330.0,544.0,0
-16.0,314.0,544.0,0
-16.0,298.0,544.0,0
-16.0,282.0,544.0,0
-16.0,266.0,544.0,0
-16.0,250.0,544.0,0
-16.0,234.0,544.0,0
-16.0,218.0,544.0,0
-16.0,202.0,544.0,0
-16.0,186.0,544.0,0
-16.0,170.0,544.0,0
-16.0,154.0,544.0,0
-16.0,138.0,544.0,0
-16.0,122.0,544.0,0
-16.0,106.0,544.0,0
-16.0,90.0,544.0,0
-16.0,74.0,544.0,0
-16.0,58.0,544.0,0
-16.0,42.0,544.0,0
-16.0,26.0,544.0,0
-16.0,10.0,544.0,0
-16.0,6.0,544.0,0
-16.0,22.0,544.0,0
-16.0,38.0,544.0,0
-16.0,54.0,544.0,0
-16.0,70.0,544.0,0
-16.0,954.0,544.0,0
-16.0,938.0,544.0,0
-16.0,922.0,544.0,0
-16.0,906.0,544.0,0
-16.0,890.0,544.0,0
-16.0,874.0,544.0,0
-16.0,858.0,544.0,0
-16.0,842.0,544.0,0
-16.0,826.0,544.0,0
-16.0,810.0,544.0,0
-16.0,794.0,544.0,0
-16.0,778.0,544.0,0
-16.0,762.0,544.0,0
